label,message
request_withdraw_limit,"Hello, I would like to inquire about increasing my withdrawal LIMIT."
chat,"Hello, i would check my transactions"
sensitive,My customer ID is 12345.
chat,Thank you. Could you also provide some information about your current financial situation?
chat,"Sure, I have been a customer for 5 years and my annual income is $60,000."
request_withdraw_limit,"Hi, I need increase my withdrawal limit."
request_withdraw_limit,"Hi, I need increase my limit."
request_withdraw_limit,"Hi, I to increase withdrawal limit."
request_withdraw_limit,"Hi, increase my withdrawal limit."
request_withdraw_limit,"Hello, I'd like to raise my withdrawal limit."
request_withdraw_limit,"Hi, could you increase my withdrawal cap?"
request_withdraw_limit,"Hey, I need a boost in my withdrawal limit."
request_withdraw_limit,"Greetings, I'm looking to enhance my withdrawal ceiling."
request_withdraw_limit,"Hello there, can you raise my withdrawal cap?"
request_withdraw_limit,"Hi, I'm requesting an elevation in my withdrawal limit."
request_withdraw_limit,"Hey, could you up my withdrawal limit, please?"
request_withdraw_limit,"Greetings, I'd appreciate a higher withdrawal limit."
request_withdraw_limit,"Hello, can you increase my withdrawal allowance?"
request_withdraw_limit,"Hi, I'm interested in boosting my withdrawal limit."
request_withdraw_limit,"Hey, could you enhance my withdrawal ceiling?"
request_withdraw_limit,"Greetings, I need a lift in my withdrawal limit."
request_withdraw_limit,"Hello, I'd like to request a higher withdrawal cap."
request_withdraw_limit,"Hi, can you increase my withdrawal maximum?"
request_withdraw_limit,"Hey, I'm looking to raise my withdrawal limit."
request_withdraw_limit,"Greetings, could you up my withdrawal cap?"
request_withdraw_limit,"Hello, I need an increase in my withdrawal limit."
request_withdraw_limit,"Hi, can you enhance my withdrawal allowance?"
request_withdraw_limit,"Hey, I'd appreciate a boost in my withdrawal limit."
request_withdraw_limit,"Greetings, could you raise my withdrawal ceiling?"
request_withdraw_limit,"Hello, can you increase my withdrawal threshold?"
request_withdraw_limit,"Hi, I'm interested in a higher withdrawal limit."
request_withdraw_limit,"Hey, I need a raise in my withdrawal cap."
request_withdraw_limit,"Greetings, can you up my withdrawal maximum?"
request_withdraw_limit,"Hello, could you enhance my withdrawal limit?"
request_withdraw_limit,"Hi, I'd like to request an increase in my withdrawal cap."
request_withdraw_limit,"Hey, can you boost my withdrawal allowance?"
request_withdraw_limit,"Greetings, I need a higher withdrawal limit, please."
request_withdraw_limit,"Hello, could you raise my withdrawal ceiling, please?"
request_withdraw_limit,"Hi, can you increase my withdrawal threshold?"
request_withdraw_limit,"Hey, I'm interested in an elevated withdrawal limit."
request_withdraw_limit,"Greetings, I'd appreciate a higher withdrawal cap."
request_withdraw_limit,"Hello, can you up my withdrawal maximum, please?"
request_withdraw_limit,"Hi, I need an enhancement in my withdrawal limit."
request_withdraw_limit,"Hey, could you raise my withdrawal cap, please?"
request_withdraw_limit,"Greetings, I'd like to request a boost in my withdrawal limit."
request_withdraw_limit,"Hello, can you increase my withdrawal allowance, please?"
request_withdraw_limit,"Hi, I need a higher withdrawal limit, please."
request_withdraw_limit,"Hey, can you enhance my withdrawal ceiling, please?"
request_withdraw_limit,"Greetings, could you raise my withdrawal threshold, please?"
request_withdraw_limit,"Hello, I'm interested in a boost in my withdrawal limit."
request_withdraw_limit,"Hi, I'd appreciate an increase in my withdrawal cap."
request_withdraw_limit,"Hey, can you up my withdrawal maximum, please?"
request_withdraw_limit,"Greetings, I need an elevation in my withdrawal limit."
request_withdraw_limit,"Hello, could you raise my withdrawal cap, please?"
request_withdraw_limit,"Hi, I'm looking to boost my withdrawal allowance."
request_withdraw_limit,"Hey, can you enhance my withdrawal limit for me?"
request_withdraw_limit,"Greetings, I'd like to request a higher withdrawal ceiling."
request_withdraw_limit,"Hello, can you increase my withdrawal threshold for me?"
request_withdraw_limit,"Hi, I need a raise in my withdrawal limit."
request_withdraw_limit,"Hey, could you raise my withdrawal cap for me?"
request_withdraw_limit,"Greetings, I'm interested in an increase in my withdrawal limit."
request_withdraw_limit,"Hello, can you boost my withdrawal allowance for me?"
request_withdraw_limit,"Hi, I'd appreciate an enhancement in my withdrawal limit."
request_withdraw_limit,"Hey, could you raise my withdrawal ceiling for me?"
request_withdraw_limit,"Greetings, I need a higher withdrawal threshold."
request_withdraw_limit,"Hello, can you increase my withdrawal limit, please?"
request_withdraw_limit,"Hi, I'm looking to up my withdrawal cap."
request_withdraw_limit,"Hey, can you enhance my withdrawal maximum for me?"
request_withdraw_limit,"Greetings, I'd like to request a boost in my withdrawal limit."
request_withdraw_limit,"Hello, can you raise my withdrawal allowance, please?"
request_withdraw_limit,"Hi, I need a higher withdrawal limit, please."
request_withdraw_limit,"Hey, could you enhance my withdrawal ceiling, please?"
request_withdraw_limit,"Greetings, can you raise my withdrawal threshold, please?"
request_withdraw_limit,"Hello, I'm interested in a boost in my withdrawal limit."
request_withdraw_limit,"Hi, I'd appreciate an increase in my withdrawal cap."
request_withdraw_limit,"Hey, can you up my withdrawal maximum, please?"
request_withdraw_limit,"Greetings, I need an elevation in my withdrawal limit."
request_withdraw_limit,"Hello, could you raise my withdrawal cap, please?"
request_withdraw_limit,"Hi, I'm looking to boost my withdrawal allowance."
request_withdraw_limit,"Hey, can you enhance my withdrawal limit for me?"
request_withdraw_limit,"Greetings, I'd like to request a higher withdrawal ceiling."
request_withdraw_limit,"Hello, can you increase my withdrawal threshold for me?"
request_withdraw_limit,"Hi, I need a raise in my withdrawal limit."
request_withdraw_limit,"Hey, could you raise my withdrawal cap for me?"
request_withdraw_limit,"Greetings, I'm interested in an increase in my withdrawal limit."
request_withdraw_limit,"Hello, can you boost my withdrawal allowance for me?"
request_withdraw_limit,"Hi, I'd appreciate an enhancement in my withdrawal limit."
request_withdraw_limit,"Hey, could you raise my withdrawal ceiling for me?"
request_withdraw_limit,"Greetings, I need a higher withdrawal threshold."
request_withdraw_limit,"Hello, can you increase my withdrawal limit, please?"
request_withdraw_limit,"Hi, I'm looking to up my withdrawal cap."
request_withdraw_limit,"Hey, can you enhance my withdrawal maximum for me?"
request_withdraw_limit,"Greetings, I'd like to request a boost in my withdrawal limit."
request_withdraw_limit,"Hello, can you raise my withdrawal allowance, please?"
request_withdraw_limit,"Hi, I need a higher withdrawal limit, please."
request_withdraw_limit,"Hey, could you enhance my withdrawal ceiling, please?"
request_withdraw_limit,"Greetings, can you raise my withdrawal threshold, please?"
request_withdraw_limit,"Hello, I'm interested in a boost in my withdrawal limit."
request_withdraw_limit,"Hi, I'd appreciate an increase in my withdrawal cap."
request_withdraw_limit,"Hey, can you up my withdrawal maximum, please?"
request_withdraw_limit,"Greetings, I need an elevation in my withdrawal limit."
request_withdraw_limit,"Hello, could you raise my withdrawal cap, please?"
request_withdraw_limit,"Hi, I'm looking to boost my withdrawal allowance."
request_withdraw_limit,"Hey, can you enhance my withdrawal limit for me?"
request_withdraw_limit,"Greetings, I'd like to request a higher withdrawal ceiling."
request_withdraw_limit,"Hello, can you increase my withdrawal threshold for me?"
request_withdraw_limit,"Hi, I need a raise in my withdrawal limit."
request_withdraw_limit,"Hey, could you raise my withdrawal cap for me?"
request_withdraw_limit,"Greetings, I'm interested in an increase in my withdrawal limit."
portfolio,"Cryptocurrency investors often manage their portfolios on exchanges."
portfolio,"Portfolio tracking is crucial for cryptocurrency exchange users."
portfolio,"Diversification is key in building a resilient crypto portfolio."
portfolio,"Investors leverage crypto exchanges to monitor their portfolio performance."
portfolio,"Effective portfolio management requires strategic allocation of assets."
portfolio,"Crypto exchanges offer tools for analyzing portfolio metrics."
portfolio,"Risk management is essential when handling a crypto portfolio on exchanges."
portfolio,"Traders use crypto exchange platforms to rebalance their portfolios."
portfolio,"Portfolio optimization involves adjusting crypto holdings on exchanges."
portfolio,"Tracking profits and losses is integral to managing a crypto portfolio on exchanges."
portfolio,"Cryptocurrency exchanges facilitate portfolio customization for users."
portfolio,"Asset allocation strategies play a significant role in crypto portfolio management on exchanges."
portfolio,"Portfolio diversification minimizes risk exposure on crypto exchanges."
portfolio,"Investors utilize stop-loss orders to protect their crypto portfolios on exchanges."
portfolio,"Portfolio performance evaluation is a continuous process on crypto exchanges."
portfolio,"Balancing risk and reward is fundamental in crypto portfolio management on exchanges."
portfolio,"Asset selection is critical for constructing a well-performing crypto portfolio on exchanges."
portfolio,"Investors employ various trading strategies to optimize their crypto portfolios on exchanges."
portfolio,"Monitoring market trends helps investors make informed decisions about their crypto portfolios on exchanges."
portfolio,"Cryptocurrency exchange users often engage in portfolio rebalancing to maintain desired asset allocations."
portfolio,"Portfolio rebalancing involves adjusting crypto holdings based on market conditions on exchanges."
portfolio,"Crypto portfolio managers use technical and fundamental analysis tools provided by exchanges."
portfolio,"Asset rebalancing on exchanges ensures that crypto portfolios align with investors' risk preferences."
portfolio,"Portfolio performance metrics on exchanges aid investors in assessing their crypto investment strategies."
portfolio,"Portfolio tracking features on exchanges allow investors to monitor their crypto holdings in real-time."
portfolio,"Investors utilize crypto exchange APIs to automate portfolio management tasks."
portfolio,"Cryptocurrency exchanges offer a range of order types to facilitate portfolio optimization."
portfolio,"Portfolio diversification on exchanges helps spread risk across different crypto assets."
portfolio,"Crypto portfolio managers employ hedging strategies using derivatives offered on exchanges."
portfolio,"Tax implications of crypto transactions are considered in portfolio management on exchanges."
portfolio,"Advanced trading features on exchanges enable investors to implement complex portfolio strategies."
portfolio,"Portfolio analysis tools on exchanges provide insights into the performance of crypto assets."
portfolio,"Portfolio managers on exchanges may utilize dollar-cost averaging to mitigate market volatility."
portfolio,"Leveraged trading options on exchanges allow investors to amplify gains in their crypto portfolios."
portfolio,"Portfolio monitoring alerts on exchanges notify users of significant changes in asset values."
portfolio,"Asset selection criteria are tailored to investors' long-term goals when managing portfolios on exchanges."
portfolio,"Crypto portfolio managers may engage in margin trading to enhance returns on exchanges."
portfolio,"Portfolio tracking dashboards on exchanges offer comprehensive insights into asset performance."
portfolio,"Investors assess the liquidity of crypto assets when constructing portfolios on exchanges."
portfolio,"Social sentiment analysis tools on exchanges inform investors' decisions in managing crypto portfolios."
portfolio,"Portfolio managers on exchanges consider macroeconomic factors in asset allocation decisions."
portfolio,"Risk-adjusted returns are evaluated to assess the performance of crypto portfolios on exchanges."
portfolio,"Portfolio management strategies on exchanges are adapted based on evolving market conditions."
portfolio,"Crypto portfolio managers may employ algorithmic trading bots to execute strategies on exchanges."
portfolio,"Portfolio rebalancing frequency varies depending on investors' risk tolerance on exchanges."
portfolio,"Portfolio optimization algorithms on exchanges assist investors in maximizing returns while minimizing risk."
portfolio,"Crypto portfolio managers conduct regular performance reviews to evaluate the effectiveness of strategies on exchanges."
portfolio,"Exchange-traded funds (ETFs) offer diversified exposure to crypto assets for portfolio managers."
portfolio,"Portfolio managers may engage in staking activities to earn passive income on certain exchanges."
portfolio,"Portfolio analytics tools on exchanges provide detailed insights into the composition and performance of crypto portfolios."
portfolio,"Risk management protocols are implemented to protect against potential losses in crypto portfolios on exchanges."
portfolio,"Portfolio diversification strategies may include exposure to both established and emerging cryptocurrencies on exchanges."
portfolio,"Investors utilize candlestick charts and technical indicators on exchanges to inform trading decisions within their portfolios."
portfolio,"Automated portfolio rebalancing features on exchanges streamline the process for investors."
portfolio,"Portfolio managers monitor regulatory developments that may impact the composition of crypto portfolios on exchanges."
portfolio,"Asset liquidity considerations are taken into account when selecting cryptocurrencies for inclusion in portfolios on exchanges."
portfolio,"Portfolio managers assess the correlation between different crypto assets to optimize diversification on exchanges."
portfolio,"Exchange-based lending and borrowing services offer additional opportunities for portfolio management strategies."
portfolio,"Risk parity approaches may be employed to achieve balanced risk exposure within crypto portfolios on exchanges."
portfolio,"Portfolio managers on exchanges conduct scenario analyses to evaluate the resilience of portfolios under different market conditions."
portfolio,"Exchange-traded options provide portfolio managers with tools for hedging against downside risk."
portfolio,"Portfolio optimization algorithms on exchanges incorporate machine learning techniques to adapt to changing market dynamics."
portfolio,"Portfolio managers employ fundamental analysis to assess the long-term viability of crypto assets within their portfolios on exchanges."
portfolio,"Crypto portfolio managers may engage in yield farming strategies to optimize returns on certain exchanges."
portfolio,"Portfolio rebalancing triggers are set based on predefined criteria to maintain target allocations on exchanges."
portfolio,"Exchange-based futures contracts offer opportunities for portfolio managers to hedge against price fluctuations."
portfolio,"Portfolio managers employ quantitative models to forecast the performance of crypto assets within their portfolios on exchanges."
portfolio,"Portfolio managers may implement tax-loss harvesting strategies to optimize tax efficiency on exchanges."
portfolio,"Portfolio managers consider the potential impact of external events, such as regulatory announcements, on their portfolios on exchanges."
portfolio,"Exchange-based savings accounts provide portfolio managers with opportunities to earn interest on stablecoin holdings."
portfolio,"Portfolio managers assess the performance of individual assets relative to benchmarks when making allocation decisions on exchanges."
portfolio,"Social trading features on exchanges enable portfolio managers to follow and replicate the strategies of successful traders."
portfolio,"Portfolio managers utilize options strategies, such as covered calls, to generate additional income from their crypto portfolios on exchanges."
portfolio,"Portfolio managers may employ dynamic asset allocation strategies to capitalize on short-term market opportunities on exchanges."
portfolio,"Portfolio managers monitor market sentiment indicators to gauge investor sentiment towards different crypto assets on exchanges."
portfolio,"Portfolio managers conduct stress tests to evaluate the resilience of their portfolios to extreme market scenarios on exchanges."
portfolio,"Portfolio managers assess the impact of transaction fees and slippage on the performance of their portfolios on exchanges."
portfolio,"Portfolio managers may implement trailing stop-loss orders to protect gains and minimize losses on exchanges."
portfolio,"Portfolio managers evaluate the risk-return profile of different crypto assets to determine their suitability for inclusion in portfolios on exchanges."
portfolio,"Portfolio managers consider the scalability and technological capabilities of blockchain networks when selecting assets for inclusion in portfolios on exchanges."
portfolio,"Portfolio managers may employ dollar-neutral strategies to maintain balanced exposure to long and short positions within their portfolios on exchanges."
portfolio,"Portfolio managers assess the liquidity risk associated with different crypto assets to ensure sufficient liquidity within portfolios on exchanges."
portfolio,"Portfolio managers utilize exchange-based lending platforms to generate additional income from their crypto portfolios."
portfolio,"Portfolio managers employ correlation analysis to identify opportunities for diversification within their portfolios on exchanges."
portfolio,"Portfolio managers conduct regular reviews of portfolio performance to identify areas for optimization and improvement on exchanges."
portfolio,"Portfolio managers may utilize exchange-based options contracts to hedge against volatility and manage risk within their portfolios."
portfolio,"Portfolio managers consider the regulatory environment when selecting assets for inclusion in portfolios on exchanges."
portfolio,"Portfolio managers employ technical analysis to identify entry and exit points for trades within their portfolios"
chat,"hello iam agent Of course, I can help you with that. Could you please provide your customer ID?"
chat,My customer ID is 54321.
chat,Thank you. Can you also share details about your current income?
chat,"Sure, my annual income is $70,000."
